{
  "project_info": {
    "project_number": "1070560793839",
    "firebase_url": "https://textrecognition-b9717.firebaseio.com",
    "project_id": "textrecognition-b9717",
    "storage_bucket": "textrecognition-b9717.appspot.com"
  },
  "client": [
    {
      "client_info": {
        "mobilesdk_app_id": "1:1070560793839:android:c5f7e6c2804a25989f371a",
        "android_client_info": {
          "package_name": "com.umesh.textrecognition"
        }
      },
      "oauth_client": [
        {
          "client_id": "1070560793839-n0oj8idncu1dv6f0nol24gc2kvu1jdl7.apps.googleusercontent.com",
          "client_type": 3
        }
      ],
      "api_key": [
        {
          "current_key": "AIzaSyBgXUJ-5kzwoG8wTeyojvPl7YYcvS2nn9s"
        }
      ],
      "services": {
        "appinvite_service": {
          "other_platform_oauth_client": [
            {
              "client_id": "1070560793839-n0oj8idncu1dv6f0nol24gc2kvu1jdl7.apps.googleusercontent.com",
              "client_type": 3
            }
          ]
        }
      }
    }
  ],
  "configuration_version": "1"
}